candidate,test_files,runs,F_values,D_values,Cr_values,lifes,native_steps,max_native_step,coarse_step_count,max_life,min_life,life_ratio,duplicate_F_Cr,has_Run30_Run24_conflict,explainability_penalty,T0_error,T1_error,T2_error,T3_error,best_transformer_variant,best_transformer_variant_error,feature_first_path,slow_first_path,at_least_one_single_effective,T3_best,T3_near_best_5pct,T3_improve_pct_vs_T0,stage1_pass,epochs,passes_soft,sort_error,sort_penalty,sort_pass
Run4_Run30_Run8_Run11,Run4.csv;Run30.csv;Run8.csv;Run11.csv,Run4;Run30;Run8;Run11,2160;4000;2150;4500,8;13;16;22,0.008;0.02;0.03;0.04,39038;24111;41554;24038,326;435;652;326,652.0,0,41554.0,24038.0,1.7286795906481405,0,0,0,687.7851897825367,821.3911309514815,585.2506586515783,365.0777474615843,T3_R1_plus_slow,365.0777474615843,0,1,1,1,1,-0.469198009952767,1,600,1,365.0777474615843,0,1
Run4_Run28_Run8_Run11,Run4.csv;Run28.csv;Run8.csv;Run11.csv,Run4;Run28;Run8;Run11,2160;2150;2150;4500,8;13;16;22,0.008;0.02;0.03;0.04,39038;42639;41554;24038,326;543;652;326,652.0,0,42639.0,24038.0,1.7738164572759798,0,0,0,1756.7534278353587,997.2937528792627,807.4168750319877,600.0406053510715,T3_R1_plus_slow,600.0406053510715,1,1,1,1,1,-0.6584377774116934,1,600,1,600.0406053510715,0,1
Run4_Run30_Run25_Run11,Run4.csv;Run30.csv;Run25.csv;Run11.csv,Run4;Run30;Run25;Run11,2160;4000;4000;4500,8;13;16;22,0.008;0.02;0.03;0.04,39038;24111;23074;24038,326;435;543;326,543.0,0,39038.0,23074.0,1.6918609690560804,0,0,0,922.752667480645,582.0270964498268,656.5027273255837,603.071200450815,T1_R1_only,582.0270964498268,0,1,1,0,1,-0.34644328680473346,1,600,1,603.071200450815,0,1
Run4_Run28_Run25_Run11,Run4.csv;Run28.csv;Run25.csv;Run11.csv,Run4;Run28;Run25;Run11,2160;2150;4000;4500,8;13;16;22,0.008;0.02;0.03;0.04,39038;42639;23074;24038,326;543;543;326,543.0,0,42639.0,23074.0,1.8479240703822484,0,0,0,1406.4860834171568,1071.384637631435,1152.2576116902783,670.0461706514589,T3_R1_plus_slow,670.0461706514589,1,1,1,1,1,-0.5236027014049548,1,600,1,670.0461706514589,0,1
Run4_Run28_Run24_Run11,Run4.csv;Run28.csv;Run24.csv;Run11.csv,Run4;Run28;Run24;Run11,2160;2150;4000;4500,8;13;16;22,0.008;0.02;0.02;0.04,39038;42639;27965;24038,326;543;543;326,543.0,0,42639.0,24038.0,1.7738164572759798,0,0,0,1135.040310340879,1041.0087242320078,722.3569474588085,682.2697127599031,T3_R1_plus_slow,682.2697127599031,1,1,1,1,1,-0.39890265874786274,1,600,1,682.2697127599031,0,1
Run4_Run28_Run24_Run22,Run4.csv;Run28.csv;Run24.csv;Run22.csv,Run4;Run28;Run24;Run22,2160;2150;4000;3000,8;13;16;22,0.008;0.02;0.02;0.04,39038;42639;27965;34192,326;543;543;1087,1087.0,1,42639.0,27965.0,1.5247273377436081,0,0,1,1126.5602799664302,956.048376951403,1000.3017923218367,689.6816711117435,T3_R1_plus_slow,689.6816711117435,1,1,1,1,1,-0.38779869717020826,1,600,1,689.6816711117435,1,1
Run4_Run30_Run8_Run22,Run4.csv;Run30.csv;Run8.csv;Run22.csv,Run4;Run30;Run8;Run22,2160;4000;2150;3000,8;13;16;22,0.008;0.02;0.03;0.04,39038;24111;41554;34192,326;435;652;1087,1087.0,1,41554.0,24111.0,1.723445730164655,0,0,1,2054.151272485986,1349.0279136297895,1328.7543361666567,927.8142955488302,T3_R1_plus_slow,927.8142955488302,1,1,1,1,1,-0.5483223129784567,1,600,1,927.8142955488302,1,1
Run4_Run28_Run8_Run22,Run4.csv;Run28.csv;Run8.csv;Run22.csv,Run4;Run28;Run8;Run22,2160;2150;2150;3000,8;13;16;22,0.008;0.02;0.03;0.04,39038;42639;41554;34192,326;543;652;1087,1087.0,1,42639.0,34192.0,1.2470460926532523,0,0,1,2643.027555211698,1855.319149109222,1602.7603503255232,1279.3692285206262,T3_R1_plus_slow,1279.3692285206262,1,1,1,1,1,-0.5159455579651901,1,600,1,1279.3692285206262,1,1
